{
  "arama_kurtarma": 0.5999999046325684,
  "saglik": 0.8999998569488525,
  "barinma": 0.929999828338623,
  "gida_su": 0.13999998569488525,
  "altyapi": 0.729999840259552,
  "guvenlik": 0.7399998903274536,
  "lojistik": 0.9099998474121094,
  "psikolojik": 0.8599998354911804,
  "bilgi_paylasimi": 0.8699998259544373
}
